X,Y,objectid,id_1,buff_dist,orig_fid,created_user,created_date,last_edited_user,last_edited_date,cid,st_area_shape_,st_length_shape_
-79.896659974997121,40.456463681519622,1,TS110,40,1,,,SDE,2015-08-11T14:08:33.000Z,22,0,0
-79.93459727213984,40.458119023020387,2,TS73,40,2,,,SDE,2015-08-11T14:08:43.000Z,572,0,0
-79.915788849777485,40.460806474037824,3,TS151,40,3,,,SDE,2015-08-11T14:08:34.000Z,49,0,0
-79.943680429031716,40.408571179030737,4,TS573,40,4,,,SDE,2015-08-11T14:08:34.000Z,91,0,0
-80.001340476290821,40.45077558090324,5,TS34,40,5,,,SDE,2015-08-11T14:08:42.000Z,515,0,0
-79.948934464922758,40.463509170699098,6,TS616,40,6,,,SDE,2015-08-11T14:08:43.000Z,566,0,0
-79.954451816786502,40.480414374681978,7,TS174,40,7,,,SDE,2015-08-11T14:08:39.000Z,360,0,0
-79.986533517614916,40.437731493194967,8,TS340,40,8,,,SDE,2015-08-11T14:08:37.000Z,226,0,0
-79.909336089394913,40.376894675917832,9,TS141,40,9,,,SDE,2015-08-11T14:08:34.000Z,86,0,0
-79.971167469065705,40.428211057441096,10,TS586,40,10,,,SDE,2015-08-11T14:08:40.000Z,376,0,0
-80.004564651118088,40.455842902477094,11,TS603,40,11,,,SDE,2015-08-11T14:08:42.000Z,500,0,0
-80.003634663932004,40.439078347299123,12,TS26,40,12,,,SDE,2015-08-11T14:08:37.000Z,237,0,0
-79.94805102573973,40.484397804502024,13,TS641,40,13,,,SDE,2015-08-11T14:08:39.000Z,364,0,0
-80.002558176794423,40.449486944686143,14,TS416,40,14,,,SDE,2015-08-11T14:08:43.000Z,578,0,0
-79.916616168509762,40.458416356294535,15,TS673,40,15,,,SDE,2015-08-11T14:08:43.000Z,556,0,0
-79.955523380258001,40.411024325277559,16,TS88,40,16,,,SDE,2015-08-11T14:08:40.000Z,372,0,0
-79.948944436222391,40.461596161130934,17,TS592,40,17,,,SDE,2015-08-11T14:08:43.000Z,547,0,0
-79.995237227927404,40.443650157670746,18,TS433,40,18,,,SDE,2015-08-11T14:08:37.000Z,233,0,0
-79.927560545737123,40.432607559467222,19,TS404,40,19,,,SDE,2015-08-11T14:08:35.000Z,111,0,0
-79.922071480025053,40.459193493724356,20,TS512,40,20,,,SDE,2015-08-11T14:08:43.000Z,562,0,0
-80.039572484627101,40.475260532178496,21,TS39,40,21,,,SDE,2015-08-11T14:08:42.000Z,485,0,0
-79.945962716690318,40.460003626605072,22,TS423,40,22,,,SDE,2015-08-11T14:08:37.000Z,206,0,0
-79.997864761505909,40.453972849854502,23,TS266,40,23,,,SDE,2015-08-11T14:08:42.000Z,507,0,0
-79.987665784741722,40.396689687555444,24,TS163,40,24,,,SDE,2015-08-11T14:08:40.000Z,404,0,0
-79.873722649450571,40.459940845157213,25,TS372,40,25,,,SDE,2015-08-11T14:08:44.000Z,596,0,0
-79.954903608288973,40.450975758298199,26,TS116,40,26,,,SDE,2015-08-11T14:08:36.000Z,189,0,0
-80.007669634778509,40.447685871244438,27,TS548,40,27,,,SDE,2015-08-11T14:08:43.000Z,569,0,0
-80.001794832483441,40.441923516150169,28,TS422,40,28,,,SDE,2015-08-11T14:08:38.000Z,290,0,0
-79.912301342807851,40.463327460762606,29,TS458,40,29,,,SDE,2015-08-11T14:08:34.000Z,58,0,0
-79.907846334107504,40.484269090252532,30,TS16,40,30,,,SDE,2015-08-11T14:08:33.000Z,1,0,0
-80.043076760448159,40.478861671068152,31,TS566,40,31,,,SDE,2015-08-11T14:08:42.000Z,484,0,0
-80.014018286707881,40.452405090350879,32,TS149,40,32,,,SDE,2015-08-11T14:08:41.000Z,468,0,0
-79.96229021681674,40.468706992789301,33,TS175,40,33,,,SDE,2015-08-11T14:08:39.000Z,333,0,0
-79.962530285288196,40.427268404681442,34,TS657,40,34,,,SDE,2015-08-11T14:08:43.000Z,575,0,0
-79.964597046448901,40.425466297589615,35,TS643,40,35,,,SDE,2015-08-11T14:08:43.000Z,544,0,0
-80.000259796715824,40.443230512878436,36,TS493,40,36,,,SDE,2015-08-11T14:08:38.000Z,301,0,0
-79.981431352702444,40.437499855310989,37,TS331,40,37,,,SDE,2015-08-11T14:08:37.000Z,229,0,0
-79.992687589063834,40.453186160113546,38,TS232,40,38,,,SDE,2015-08-11T14:08:42.000Z,510,0,0
-79.908622022168828,40.470281071132263,39,TS477,40,39,,,SDE,2015-08-11T14:08:33.000Z,5,0,0
-79.948065934180207,40.461127629735223,40,TS278,40,40,,,SDE,2015-08-11T14:08:43.000Z,561,0,0
-80.000853884054223,40.444555331525571,41,TS345,40,41,,,SDE,2015-08-11T14:08:38.000Z,281,0,0
-80.018897189729529,40.451517911444256,42,TS17,40,42,,,SDE,2015-08-11T14:08:41.000Z,462,0,0
-79.954775518410926,40.444418112184827,43,TS119,40,43,,,SDE,2015-08-11T14:08:36.000Z,181,0,0
-80.001693385738392,40.453312080772136,44,TS207,40,44,,,SDE,2015-08-11T14:08:42.000Z,499,0,0
-80.009596952254284,40.414198109971132,45,TS427,40,45,,,SDE,2015-08-11T14:08:40.000Z,415,0,0
-80.021546456249681,40.394848842188054,46,TS154,40,46,,,SDE,2015-08-11T14:08:40.000Z,425,0,0
-80.018312328987392,40.449678312995012,47,TS15,40,47,,,SDE,2015-08-11T14:08:41.000Z,461,0,0
-79.964924896493315,40.452883179330499,48,TS90,40,48,,,SDE,2015-08-11T14:08:37.000Z,245,0,0
-80.014568096085952,40.453966343115596,49,TS146,40,49,,,SDE,2015-08-11T14:08:41.000Z,469,0,0
-79.922762983367818,40.465942844792153,50,TS271,40,50,,,SDE,2015-08-11T14:08:34.000Z,75,0,0
-79.943363213243657,40.451810753451134,51,TS78,40,51,,,SDE,2015-08-11T14:08:36.000Z,152,0,0
-79.988038590076229,40.41443398177519,52,TS31,40,52,,,SDE,2015-08-11T14:08:40.000Z,401,0,0
-80.010309656736084,40.447257463016264,53,TS646,40,53,,,SDE,2015-08-11T14:08:43.000Z,570,0,0
-79.923370693657517,40.441420070808597,54,TS468,40,54,,,SDE,2015-08-11T14:08:35.000Z,124,0,0
-80.025012629129662,40.466887483262305,55,TS145,40,55,,,SDE,2015-08-11T14:08:41.000Z,475,0,0
-79.977794969737374,40.384351063918039,56,TS165,40,56,,,SDE,2015-08-11T14:08:43.000Z,536,0,0
-79.92119884847321,40.429170567143721,57,TS360,40,57,,,SDE,2015-08-11T14:08:35.000Z,105,0,0
-79.971373834544352,40.459799621884962,58,TS499,40,58,,,SDE,2015-08-11T14:08:39.000Z,327,0,0
-80.026162748476125,40.398335201959476,59,TS157,40,59,,,SDE,2015-08-11T14:08:40.000Z,422,0,0
-79.897024188844213,40.455526176126682,60,TS405,40,60,,,SDE,2015-08-11T14:08:33.000Z,21,0,0
-79.995875843856155,40.44078288788446,61,TS388,40,61,,,SDE,2015-08-11T14:08:38.000Z,287,0,0
-79.922545605442124,40.455861713322562,62,TS528,40,62,,,SDE,2015-08-11T14:08:36.000Z,165,0,0
-79.935108160211584,40.46473401744656,63,TS385,40,63,,,SDE,2015-08-11T14:08:34.000Z,60,0,0
-80.025176260851907,40.417059094798596,64,TS569,40,64,,,SDE,2015-08-11T14:08:41.000Z,434,0,0
-80.010119451051082,40.412912130237935,65,TS642,40,65,,,SDE,2015-08-11T14:08:40.000Z,417,0,0
-79.957339144941784,40.45863368810236,66,TS115,40,66,,,SDE,2015-08-11T14:08:42.000Z,532,0,0
-80.010503553598582,40.4482964407267,67,TS630,40,67,,,SDE,2015-08-11T14:08:43.000Z,587,0,0
-79.927264608343194,40.486419403064332,68,TS391,40,68,,,SDE,2015-08-11T14:08:39.000Z,365,0,0
-79.99819405693961,40.396277716534271,69,TS523,40,69,,,SDE,2015-08-11T14:08:40.000Z,414,0,0
-80.00862750656934,40.455090668036142,70,TS40,40,70,,,SDE,2015-08-11T14:08:42.000Z,495,0,0
-80.004114055273263,40.44221295630566,71,TS497,40,71,,,SDE,2015-08-11T14:08:38.000Z,303,0,0
-80.021427694477538,40.441668168406835,72,TS172,40,72,,,SDE,2015-08-11T14:08:43.000Z,540,0,0
-79.997344306376363,40.392990073166878,73,TS460,40,73,,,SDE,2015-08-11T14:08:40.000Z,409,0,0
-79.938591214232375,40.455909700777056,74,TS2,40,74,,,SDE,2015-08-11T14:08:36.000Z,155,0,0
-80.034053077417994,40.441203074392376,75,TS9,40,75,,,SDE,2015-08-11T14:08:41.000Z,446,0,0
-80.028202869198765,40.44425668036407,76,TS205,40,76,,,SDE,2015-08-11T14:08:41.000Z,449,0,0
-79.960615682566953,40.42278432264159,77,TS650,40,77,,,SDE,2015-08-11T14:08:43.000Z,543,0,0
-79.950861451818497,40.452233514389086,78,TS213,40,78,,,SDE,2015-08-11T14:08:36.000Z,199,0,0
-79.977732645521272,40.437339023593239,79,TS550,40,79,,,SDE,2015-08-11T14:08:37.000Z,230,0,0
-80.029944473464255,40.41589940670351,80,TS58,40,80,,,SDE,2015-08-11T14:08:41.000Z,433,0,0
-79.995431691626848,40.441448386794946,81,TS562,40,81,,,SDE,2015-08-11T14:08:38.000Z,286,0,0
-79.916145359672726,40.43803575929708,82,TS94,40,82,,,SDE,2015-08-11T14:08:34.000Z,45,0,0
-80.00018034701715,40.437778040012539,83,TS27,40,83,,,SDE,2015-08-11T14:08:37.000Z,238,0,0
-79.949877335746635,40.46209257006204,84,TS426,40,84,,,SDE,2015-08-11T14:08:39.000Z,341,0,0
-79.928122860562254,40.467723210797885,85,TS273,40,85,,,SDE,2015-08-11T14:08:34.000Z,70,0,0
-79.89516214116037,40.447132511326842,86,TS136,40,86,,,SDE,2015-08-11T14:08:33.000Z,27,0,0
-79.988355021635044,40.437811207822406,87,TS327,40,87,,,SDE,2015-08-11T14:08:37.000Z,225,0,0
-79.964870498112973,40.448777451272306,88,TS561,40,88,,,SDE,2015-08-11T14:08:43.000Z,550,0,0
-80.027180855001689,40.446008466168095,89,TS664,40,89,,,SDE,2015-08-11T14:08:44.000Z,599,0,0
-79.978444935879722,40.454904508702121,90,TS504,40,90,,,SDE,2015-08-11T14:08:39.000Z,322,0,0
-79.957625830586622,40.441090212651822,91,TS54,40,91,,,SDE,2015-08-11T14:08:36.000Z,175,0,0
-79.977760919994836,40.454342436239116,92,TS585,40,92,,,SDE,2015-08-11T14:08:39.000Z,323,0,0
-79.945231366776483,40.465296984390214,93,TS462,40,93,,,SDE,2015-08-11T14:08:40.000Z,370,0,0
-79.977899874097929,40.447340632302691,94,TS413,40,94,,,SDE,2015-08-11T14:08:43.000Z,577,0,0
-79.997699616122389,40.438042473376541,95,TS362,40,95,,,SDE,2015-08-11T14:08:38.000Z,276,0,0
-79.922927398421024,40.43697398688132,96,TS256,40,96,,,SDE,2015-08-11T14:08:35.000Z,115,0,0
-79.958473654263543,40.448449116069227,97,TS555,40,97,,,SDE,2015-08-11T14:08:42.000Z,525,0,0
-79.927494114423553,40.43102240523482,98,TS510,40,98,,,SDE,2015-08-11T14:08:35.000Z,110,0,0
-79.943728850022154,40.458811704096149,99,TS634,40,99,,,SDE,2015-08-11T14:08:37.000Z,208,0,0
-79.943001802140216,40.444647194684585,100,TS332,40,100,,,SDE,2015-08-11T14:08:36.000Z,148,0,0
-79.9983628279236,40.437063618467484,101,TS24,40,101,,,SDE,2015-08-11T14:08:37.000Z,236,0,0
-79.982281483253033,40.452263605153199,102,TS503,40,102,,,SDE,2015-08-11T14:08:39.000Z,320,0,0
-79.939639859884338,40.456626839313898,103,TS49,40,103,,,SDE,2015-08-11T14:08:37.000Z,209,0,0
-80.003753567637943,40.37787881335025,104,TS441,40,104,,,SDE,2015-08-11T14:08:40.000Z,412,0,0
-79.916115123278558,40.427916327167921,105,TS95,40,105,,,SDE,2015-08-11T14:08:35.000Z,103,0,0
-79.917776410971157,40.444326315710491,106,TS97,40,106,,,SDE,2015-08-11T14:08:34.000Z,47,0,0
-79.945564712713804,40.444550100930364,107,TS633,40,107,,,SDE,2015-08-11T14:08:44.000Z,595,0,0
-80.019968526825579,40.393715856789669,108,TS155,40,108,,,SDE,2015-08-11T14:08:41.000Z,426,0,0
-80.05188717085349,40.462744082080093,109,TS199,40,109,,,SDE,2015-08-11T14:08:41.000Z,455,0,0
-80.002625053672389,40.437403904670951,110,TS354,40,110,,,SDE,2015-08-11T14:08:38.000Z,274,0,0
-79.986447947694202,40.417602309356916,111,TS43,40,111,,,SDE,2015-08-11T14:08:40.000Z,400,0,0
-79.907922202223133,40.461599889488021,112,TS445,40,112,,,SDE,2015-08-11T14:08:34.000Z,54,0,0
-80.034359627508692,40.44019981870035,113,TS478,40,113,,,SDE,2015-08-11T14:08:41.000Z,444,0,0
-80.006632351916565,40.455449362251407,114,TS294,40,114,,,SDE,2015-08-11T14:08:42.000Z,496,0,0
-79.974729812885073,40.427494062229989,115,TS517,40,115,,,SDE,2015-08-11T14:08:40.000Z,391,0,0
-79.933359587714421,40.389795626406475,116,TS381,40,116,,,SDE,2015-08-11T14:08:43.000Z,571,0,0
-80.015573957675883,40.456796953619801,117,TS144,40,117,,,SDE,2015-08-11T14:08:41.000Z,473,0,0
-79.963541201698249,40.426386913096586,118,TS658,40,118,,,SDE,2015-08-11T14:08:43.000Z,574,0,0
-80.012608802179301,40.454334050459643,119,TS464,40,119,,,SDE,2015-08-11T14:08:41.000Z,470,0,0
-80.006775274776587,40.433830573637636,120,TS598,40,120,,,SDE,2015-08-11T14:08:43.000Z,542,0,0
-79.947813789656351,40.462863416070178,121,TS277,40,121,,,SDE,2015-08-11T14:08:39.000Z,342,0,0
-80.017779787025702,40.408448585754819,122,TS192,40,122,,,SDE,2015-08-11T14:08:40.000Z,419,0,0
-80.025124529569652,40.449731047653984,123,TS453,40,123,,,SDE,2015-08-11T14:08:41.000Z,459,0,0
-79.982457311401888,40.451127795240865,124,TS439,40,124,,,SDE,2015-08-11T14:08:39.000Z,318,0,0
-79.976235570760934,40.445306525130825,125,TS212,40,125,,,SDE,2015-08-11T14:08:43.000Z,551,0,0
-79.890380184324172,40.455032709854329,126,TS105,40,126,,,SDE,2015-08-11T14:08:33.000Z,16,0,0
-80.053773287997075,40.427938247626024,127,TS480,40,127,,,SDE,2015-08-11T14:08:41.000Z,452,0,0
-79.956438303595107,40.441949004244485,128,TS131,40,128,,,SDE,2015-08-11T14:08:36.000Z,179,0,0
-79.992388232681918,40.445763254494125,129,TS500,40,129,,,SDE,2015-08-11T14:08:39.000Z,314,0,0
-80.004719804540699,40.440040637042991,130,TS539,40,130,,,SDE,2015-08-11T14:08:39.000Z,312,0,0
-79.965179317348088,40.443255448078546,131,TS618,40,131,,,SDE,2015-08-11T14:08:36.000Z,190,0,0
-79.957816947163309,40.430021691781555,132,TS644,40,132,,,SDE,2015-08-11T14:08:35.000Z,138,0,0
-80.006140656350851,40.4539411726456,133,TS236,40,133,,,SDE,2015-08-11T14:08:42.000Z,497,0,0
-79.99711502487483,40.436581103987436,134,TS514,40,134,,,SDE,2015-08-11T14:08:38.000Z,305,0,0
-79.990977256051679,40.44280671150986,135,TS55,40,135,,,SDE,2015-08-11T14:08:37.000Z,242,0,0
-79.994906387391424,40.385002455546264,136,TS457,40,136,,,SDE,2015-08-11T14:08:40.000Z,410,0,0
-79.933818901709074,40.458351424413586,137,TS72,40,137,,,SDE,2015-08-11T14:08:42.000Z,517,0,0
-79.998345535354375,40.443742466443794,138,TS479,40,138,,,SDE,2015-08-11T14:08:38.000Z,297,0,0
-79.922076888781362,40.461663512792938,139,TS153,40,139,,,SDE,2015-08-11T14:08:34.000Z,80,0,0
-80.041079273768929,40.4800670757162,140,TS187,40,140,,,SDE,2015-08-11T14:08:42.000Z,483,0,0
-79.994874800829407,40.440427354026824,141,TS581,40,141,,,SDE,2015-08-11T14:08:37.000Z,247,0,0
-79.982047133456646,40.428835017726037,142,TS198,40,142,,,SDE,2015-08-11T14:08:40.000Z,380,0,0
-79.877686037145367,40.45709371243553,143,TS371,40,143,,,SDE,2015-08-11T14:08:33.000Z,8,0,0
-79.999888003782658,40.438211918880292,144,TS538,40,144,,,SDE,2015-08-11T14:08:38.000Z,311,0,0
-79.935060373431725,40.461608797902542,145,TS375,40,145,,,SDE,2015-08-11T14:08:39.000Z,347,0,0
-79.998722323818825,40.436555412841315,146,TS320,40,146,,,SDE,2015-08-11T14:08:38.000Z,264,0,0
-79.99899518978134,40.445144899921942,147,TS343,40,147,,,SDE,2015-08-11T14:08:38.000Z,280,0,0
-79.92348486503856,40.429737932797039,148,TS359,40,148,,,SDE,2015-08-11T14:08:35.000Z,106,0,0
-79.937623946961992,40.461898219578678,149,TS5,40,149,,,SDE,2015-08-11T14:08:39.000Z,346,0,0
-79.991110727736583,40.408745250893382,150,TS166,40,150,,,SDE,2015-08-11T14:08:40.000Z,402,0,0
-80.013413469891688,40.450596323414622,151,TS622,40,151,,,SDE,2015-08-11T14:08:41.000Z,467,0,0
-79.931216865911594,40.44562816099787,152,TS101,40,152,,,SDE,2015-08-11T14:08:35.000Z,129,0,0
-80.01894133563755,40.440675887379619,153,TS635,40,153,,,SDE,2015-08-11T14:08:43.000Z,539,0,0
-79.998212986239267,40.439050952631924,154,TS228,40,154,,,SDE,2015-08-11T14:08:37.000Z,251,0,0
-79.952723963931376,40.448358310865622,155,TS75,40,155,,,SDE,2015-08-11T14:08:36.000Z,195,0,0
-79.952306762058896,40.4661423297932,156,TS357,40,156,,,SDE,2015-08-11T14:08:39.000Z,337,0,0
-79.98514031505087,40.437657711100279,157,TS334,40,157,,,SDE,2015-08-11T14:08:37.000Z,227,0,0
-79.918975352855,40.435311328795216,158,TS83,40,158,,,SDE,2015-08-11T14:08:35.000Z,120,0,0
-79.998049267380409,40.437521590091954,159,TS389,40,159,,,SDE,2015-08-11T14:08:38.000Z,285,0,0
-79.960274508710256,40.440459949648371,160,TS257,40,160,,,SDE,2015-08-11T14:08:36.000Z,171,0,0
-80.035820180362833,40.484311374188714,161,TS114,40,161,,,SDE,2015-08-11T14:08:41.000Z,480,0,0
-80.011412587580679,40.493045890696166,162,TS291,40,162,,,SDE,2015-08-11T14:08:42.000Z,486,0,0
-79.979833941514741,40.464775610423857,163,TS397,40,163,,,SDE,2015-08-11T14:08:40.000Z,371,0,0
-80.011248820212799,40.474949911448697,164,TS455,40,164,,,SDE,2015-08-11T14:08:43.000Z,583,0,0
-79.90222409584949,40.455693239183937,165,TS393,40,165,,,SDE,2015-08-11T14:08:34.000Z,44,0,0
-80.00227739128438,40.448626433739371,166,TS379,40,166,,,SDE,2015-08-11T14:08:43.000Z,568,0,0
-79.967209289802952,40.461592818253678,167,TS396,40,167,,,SDE,2015-08-11T14:08:39.000Z,330,0,0
-79.964730731034535,40.466195094586794,168,TS186,40,168,,,SDE,2015-08-11T14:08:39.000Z,332,0,0
-79.92600758229139,40.444021889390299,169,TS476,40,169,,,SDE,2015-08-11T14:08:35.000Z,127,0,0
-79.977728214131957,40.427668742291537,170,TS516,40,170,,,SDE,2015-08-11T14:08:40.000Z,390,0,0
-80.008731168559862,40.451987419009505,171,TS42,40,171,,,SDE,2015-08-11T14:08:42.000Z,528,0,0
-79.997400521150212,40.421647772519904,172,TS104,40,172,,,SDE,2015-08-11T14:08:40.000Z,397,0,0
-79.896297847936424,40.457396512922728,173,TS367,40,173,,,SDE,2015-08-11T14:08:33.000Z,23,0,0
-79.89752489361392,40.454628178931515,174,TS392,40,174,,,SDE,2015-08-11T14:08:33.000Z,20,0,0
-79.951811651098467,40.463145669686348,175,TS285,40,175,,,SDE,2015-08-11T14:08:39.000Z,339,0,0
-79.927579742734736,40.423043103993336,176,TS96,40,176,,,SDE,2015-08-11T14:08:35.000Z,101,0,0
-79.932398790110696,40.460678388475749,177,TS374,40,177,,,SDE,2015-08-11T14:08:39.000Z,348,0,0
-79.927784240615921,40.440901422681492,178,TS483,40,178,,,SDE,2015-08-11T14:08:35.000Z,123,0,0
-79.994662024074572,40.438946993911458,179,TS313,40,179,,,SDE,2015-08-11T14:08:38.000Z,261,0,0
-79.975892168184018,40.40437539218015,180,TS624,40,180,,,SDE,2015-08-11T14:08:42.000Z,531,0,0
-80.000891631262476,40.436719803871583,181,TS352,40,181,,,SDE,2015-08-11T14:08:38.000Z,275,0,0
-79.996055814136795,40.438227604623393,182,TS335,40,182,,,SDE,2015-08-11T14:08:38.000Z,268,0,0
-79.967484684522972,40.447104435635524,183,TS210,40,183,,,SDE,2015-08-11T14:08:43.000Z,549,0,0
-79.996460609376854,40.437581661027266,184,TS364,40,184,,,SDE,2015-08-11T14:08:38.000Z,277,0,0
-79.972643169312178,40.437694884875292,185,TS138,40,185,,,SDE,2015-08-11T14:08:37.000Z,222,0,0
-79.942309804724033,40.403711805698222,186,TS560,40,186,,,SDE,2015-08-11T14:08:35.000Z,92,0,0
-79.956569283353403,40.443151589521705,187,TS316,40,187,,,SDE,2015-08-11T14:08:36.000Z,180,0,0
-79.98601034059007,40.441029548678621,188,TS209,40,188,,,SDE,2015-08-11T14:08:37.000Z,214,0,0
-79.999498343358482,40.442099615638135,189,TS533,40,189,,,SDE,2015-08-11T14:08:38.000Z,310,0,0
-80.077671253942128,40.459345291303578,190,TS223,40,190,,,SDE,2015-08-11T14:08:41.000Z,454,0,0
-79.960910259013247,40.469795775896728,191,TS180,40,191,,,SDE,2015-08-11T14:08:39.000Z,355,0,0
-79.909788505226516,40.461056030387098,192,TS444,40,192,,,SDE,2015-08-11T14:08:34.000Z,53,0,0
-80.01138630197714,40.415035126120678,193,TS522,40,193,,,SDE,2015-08-11T14:08:41.000Z,437,0,0
-79.906932571393767,40.453221766100093,194,TS254,40,194,,,SDE,2015-08-11T14:08:34.000Z,40,0,0
-79.95333539504297,40.443226935958691,195,TS120,40,195,,,SDE,2015-08-11T14:08:36.000Z,182,0,0
-79.912423618789362,40.454037467431782,196,TS310,40,196,,,SDE,2015-08-11T14:08:34.000Z,56,0,0
-79.938579689745595,40.427057757052474,197,TS11,40,197,,,SDE,2015-08-11T14:08:35.000Z,122,0,0
-80.008183369611402,40.448334420063972,198,TS549,40,198,,,SDE,2015-08-11T14:08:43.000Z,579,0,0
-79.969949029248625,40.460771997084635,199,TS506,40,199,,,SDE,2015-08-11T14:08:39.000Z,329,0,0
-79.952659706540771,40.44180905718359,200,TS662,40,200,,,SDE,2015-08-11T14:08:44.000Z,590,0,0
-79.938607775572947,40.46456184283187,201,TS51,40,201,,,SDE,2015-08-11T14:08:34.000Z,62,0,0
-80.004897813799076,40.450311938960226,202,TS237,40,202,,,SDE,2015-08-11T14:08:42.000Z,514,0,0
-79.944448764382415,40.454159719928434,203,TS215,40,203,,,SDE,2015-08-11T14:08:36.000Z,153,0,0
-79.951213808802166,40.482855151523239,204,TS178,40,204,,,SDE,2015-08-11T14:08:39.000Z,356,0,0
-79.919359125720803,40.4380405986306,205,TS337,40,205,,,SDE,2015-08-11T14:08:35.000Z,119,0,0
-79.990113106392741,40.403837437314806,206,TS167,40,206,,,SDE,2015-08-11T14:08:40.000Z,399,0,0
-80.000826606710632,40.440089075410469,207,TS342,40,207,,,SDE,2015-08-11T14:08:38.000Z,270,0,0
-79.927240319694533,40.463494627443076,208,TS37,40,208,,,SDE,2015-08-11T14:08:34.000Z,73,0,0
-79.944723273363579,40.411312500365476,209,TS394,40,209,,,SDE,2015-08-11T14:08:35.000Z,95,0,0
-80.021000546458268,40.447612433680312,210,TS669,40,210,,,SDE,2015-08-11T14:08:43.000Z,585,0,0
-79.952017765947176,40.451883533614506,211,TS208,40,211,,,SDE,2015-08-11T14:08:36.000Z,200,0,0
-79.997222718504347,40.440447963190827,212,TS488,40,212,,,SDE,2015-08-11T14:08:38.000Z,299,0,0
-79.996802609683627,40.439393560197466,213,TS296,40,213,,,SDE,2015-08-11T14:08:37.000Z,257,0,0
-79.988609163113765,40.429414611916386,214,TS125,40,214,,,SDE,2015-08-11T14:08:40.000Z,384,0,0
-80.029428010447859,40.444097371582416,215,TS520,40,215,,,SDE,2015-08-11T14:08:41.000Z,451,0,0
-79.961527217458823,40.435836411624003,216,TS22,40,216,,,SDE,2015-08-11T14:08:35.000Z,140,0,0
-79.943050216842451,40.450876156729052,217,TS286,40,217,,,SDE,2015-08-11T14:08:36.000Z,151,0,0
-79.921024938227461,40.469689981985525,218,TS401,40,218,,,SDE,2015-08-11T14:08:34.000Z,77,0,0
-79.919902330684906,40.441815005168621,219,TS482,40,219,,,SDE,2015-08-11T14:08:35.000Z,125,0,0
-79.908275183535935,40.474216100791786,220,TS419,40,220,,,SDE,2015-08-11T14:08:33.000Z,4,0,0
-79.995952508777435,40.382231053327821,221,TS442,40,221,,,SDE,2015-08-11T14:08:40.000Z,407,0,0
-80.006751517930581,40.440841820986464,222,TS241,40,222,,,SDE,2015-08-11T14:08:37.000Z,253,0,0
-79.89819972781828,40.448152016234211,223,TS194,40,223,,,SDE,2015-08-11T14:08:33.000Z,30,0,0
-79.935502804488934,40.450634617952844,224,TS7,40,224,,,SDE,2015-08-11T14:08:36.000Z,162,0,0
-80.017069751438612,40.459655618541994,225,TS142,40,225,,,SDE,2015-08-11T14:08:41.000Z,474,0,0
-79.944077205011226,40.409989173133724,226,TS323,40,226,,,SDE,2015-08-11T14:08:35.000Z,94,0,0
-79.998646371261557,40.440085271337182,227,TS314,40,227,,,SDE,2015-08-11T14:08:38.000Z,262,0,0
-80.001637037115572,40.438878397011926,228,TS540,40,228,,,SDE,2015-08-11T14:08:39.000Z,313,0,0
-79.911621078287581,40.446843257791969,229,TS255,40,229,,,SDE,2015-08-11T14:08:33.000Z,36,0,0
-79.917405988867117,40.463446123929032,230,TS272,40,230,,,SDE,2015-08-11T14:08:34.000Z,83,0,0
-79.894535529418761,40.448012071833624,231,TS135,40,231,,,SDE,2015-08-11T14:08:33.000Z,28,0,0
-79.934777408608809,40.480588290654268,232,TS490,40,232,,,SDE,2015-08-11T14:08:39.000Z,361,0,0
-79.890743740604492,40.454100300194149,233,TS134,40,233,,,SDE,2015-08-11T14:08:33.000Z,15,0,0
-79.937155618373467,40.488429232703311,234,TS185,40,234,,,SDE,2015-08-11T14:08:39.000Z,362,0,0
-79.958468777309875,40.441768377737446,235,TS53,40,235,,,SDE,2015-08-11T14:08:36.000Z,174,0,0
-79.995609543680061,40.444456477241054,236,TS498,40,236,,,SDE,2015-08-11T14:08:38.000Z,304,0,0
-79.953333955043576,40.453993601829211,237,TS65,40,237,,,SDE,2015-08-11T14:08:37.000Z,204,0,0
-79.936948359969406,40.457416509236488,238,TS68,40,238,,,SDE,2015-08-11T14:08:37.000Z,211,0,0
-79.910380451879604,40.452630004582559,239,TS446,40,239,,,SDE,2015-08-11T14:08:34.000Z,48,0,0
-79.895504572658467,40.487263741962977,240,TS620,40,240,,,SDE,2015-08-11T14:08:39.000Z,368,0,0
-79.999883874227308,40.442438779061533,241,TS430,40,241,,,SDE,2015-08-11T14:08:38.000Z,294,0,0
-79.917175354502774,40.442285772842489,242,TS98,40,242,,,SDE,2015-08-11T14:08:34.000Z,46,0,0
-79.927151379294884,40.41960755079981,243,TS92,40,243,,,SDE,2015-08-11T14:08:35.000Z,99,0,0
-79.976265125333796,40.428505775481661,244,TS632,40,244,,,SDE,2015-08-11T14:08:40.000Z,377,0,0
-79.941135226049013,40.464745128866213,245,TS290,40,245,,,SDE,2015-08-11T14:08:34.000Z,63,0,0
-79.959168850580483,40.441265891807234,246,TS591,40,246,,,SDE,2015-08-11T14:08:36.000Z,172,0,0
-79.928979598221773,40.458758090742094,247,TS648,40,247,,,SDE,2015-08-11T14:08:39.000Z,350,0,0
-79.927714307669362,40.438039267437908,248,TS341,40,248,,,SDE,2015-08-11T14:08:35.000Z,113,0,0
-79.922879659251876,40.436021738340017,249,TS62,40,249,,,SDE,2015-08-11T14:08:35.000Z,116,0,0
-79.899256009150164,40.456035489194832,250,TS412,40,250,,,SDE,2015-08-11T14:08:33.000Z,24,0,0
-79.996415062995325,40.387958430380152,251,TS288,40,251,,,SDE,2015-08-11T14:08:40.000Z,411,0,0
-79.953940407691874,40.445010841587056,252,TS302,40,252,,,SDE,2015-08-11T14:08:36.000Z,184,0,0
-79.995598029074742,40.438995824829945,253,TS587,40,253,,,SDE,2015-08-11T14:08:38.000Z,260,0,0
-80.034804881970842,40.440917911127549,254,TS452,40,254,,,SDE,2015-08-11T14:08:41.000Z,445,0,0
-79.952136115392577,40.443535878028165,255,TS336,40,255,,,SDE,2015-08-11T14:08:36.000Z,183,0,0
-79.885648497211292,40.454026549053403,256,TS113,40,256,,,SDE,2015-08-11T14:08:33.000Z,9,0,0
-80.017737509613482,40.392116083358971,257,TS156,40,257,,,SDE,2015-08-11T14:08:41.000Z,427,0,0
-79.96721381551535,40.462673567062197,258,TS182,40,258,,,SDE,2015-08-11T14:08:39.000Z,331,0,0
-79.973458009546832,40.437148913073806,259,TS139,40,259,,,SDE,2015-08-11T14:08:37.000Z,232,0,0
-79.997717557275223,40.439740455535322,260,TS227,40,260,,,SDE,2015-08-11T14:08:37.000Z,250,0,0
-79.940948330655829,40.451315969294136,261,TS32,40,261,,,SDE,2015-08-11T14:08:36.000Z,158,0,0
-79.963111496175358,40.437108818126916,262,TS243,40,262,,,SDE,2015-08-11T14:08:36.000Z,167,0,0
-79.928652101215278,40.423206686218229,263,TS443,40,263,,,SDE,2015-08-11T14:08:35.000Z,100,0,0
-80.018800140237801,40.405354922580898,264,TS193,40,264,,,SDE,2015-08-11T14:08:40.000Z,420,0,0
-79.997324465286695,40.394484233041304,265,TS38,40,265,,,SDE,2015-08-11T14:08:40.000Z,408,0,0
-79.93760444902874,40.442664884097233,266,TS328,40,266,,,SDE,2015-08-11T14:08:36.000Z,150,0,0
-79.99773160692628,40.441456446699611,267,TS531,40,267,,,SDE,2015-08-11T14:08:38.000Z,308,0,0
-80.006086155562571,40.411087206451569,268,TS74,40,268,,,SDE,2015-08-11T14:08:40.000Z,416,0,0
-80.032131116596261,40.462061637563266,269,TS557,40,269,,,SDE,2015-08-11T14:08:42.000Z,492,0,0
-79.989288162806091,40.440494644865652,270,TS56,40,270,,,SDE,2015-08-11T14:08:37.000Z,243,0,0
-80.018347519590321,40.489508619811801,271,TS80,40,271,,,SDE,2015-08-11T14:08:42.000Z,490,0,0
-80.016525376868003,40.451961573111468,272,TS378,40,272,,,SDE,2015-08-11T14:08:41.000Z,466,0,0
-80.038066836345706,40.441196867237394,273,TS567,40,273,,,SDE,2015-08-11T14:08:41.000Z,443,0,0
-79.923057268759933,40.41399302714261,274,TS160,40,274,,,SDE,2015-08-11T14:08:35.000Z,98,0,0
-79.870255616882886,40.461170010263629,275,TS275,40,275,,,SDE,2015-08-11T14:08:44.000Z,594,0,0
-79.93895141889837,40.46199648092626,276,TS50,40,276,,,SDE,2015-08-11T14:08:39.000Z,345,0,0
-80.022439553220309,40.395480768181514,277,TS623,40,277,,,SDE,2015-08-11T14:08:40.000Z,424,0,0
-79.952825927207684,40.463614419381308,278,TS129,40,278,,,SDE,2015-08-11T14:08:39.000Z,338,0,0
-79.998995833873394,40.436135976057841,279,TS350,40,279,,,SDE,2015-08-11T14:08:38.000Z,271,0,0
-80.001302014023608,40.439379355623174,280,TS366,40,280,,,SDE,2015-08-11T14:08:38.000Z,279,0,0
-79.927507829002977,40.45051394291611,281,TS305,40,281,,,SDE,2015-08-11T14:08:35.000Z,133,0,0
-80.014537657570855,40.417034134837081,282,TS570,40,282,,,SDE,2015-08-11T14:08:41.000Z,436,0,0
-79.956380052340492,40.445703266753171,283,TS123,40,283,,,SDE,2015-08-11T14:08:36.000Z,193,0,0
-79.984146183661906,40.428799253169331,284,TS571,40,284,,,SDE,2015-08-11T14:08:40.000Z,381,0,0
-79.99634173351869,40.440109413935502,285,TS121,40,285,,,SDE,2015-08-11T14:08:38.000Z,289,0,0
-79.956557253115122,40.428822752253545,286,TS649,40,286,,,SDE,2015-08-11T14:08:35.000Z,139,0,0
-79.938837910474007,40.447686146058366,287,TS33,40,287,,,SDE,2015-08-11T14:08:35.000Z,146,0,0
-79.996841160884046,40.442830486685821,288,TS526,40,288,,,SDE,2015-08-11T14:08:38.000Z,306,0,0
-79.921297931750729,40.462871203439128,289,TS235,40,289,,,SDE,2015-08-11T14:08:34.000Z,78,0,0
-79.919334056436156,40.45880213709669,290,TS605,40,290,,,SDE,2015-08-11T14:08:34.000Z,59,0,0
-79.95458989323555,40.434586953675023,291,TS29,40,291,,,SDE,2015-08-11T14:08:35.000Z,143,0,0
-79.959877811782491,40.443146890706963,292,TS259,40,292,,,SDE,2015-08-11T14:08:36.000Z,192,0,0
-80.00101210163028,40.449754329559013,293,TS36,40,293,,,SDE,2015-08-11T14:08:42.000Z,527,0,0
-79.999543938249047,40.438724891103263,294,TS365,40,294,,,SDE,2015-08-11T14:08:38.000Z,278,0,0
-80.008598373306356,40.471006121498753,295,TS221,40,295,,,SDE,2015-08-11T14:08:42.000Z,491,0,0
-79.975614399216695,40.45685798135046,296,TS501,40,296,,,SDE,2015-08-11T14:08:39.000Z,324,0,0
-79.925198351137354,40.457378312888672,297,TS8,40,297,,,SDE,2015-08-11T14:08:36.000Z,164,0,0
-80.027485752192291,40.443774750077857,298,TS197,40,298,,,SDE,2015-08-11T14:08:41.000Z,450,0,0
-79.904135501466655,40.458085023829163,299,TS107,40,299,,,SDE,2015-08-11T14:08:34.000Z,42,0,0
-80.001566856234007,40.456413101155867,300,TS578,40,300,,,SDE,2015-08-11T14:08:42.000Z,502,0,0
-79.891901624988265,40.456392869409832,301,TS234,40,301,,,SDE,2015-08-11T14:08:33.000Z,18,0,0
-79.923971347680691,40.451931805542401,302,TS299,40,302,,,SDE,2015-08-11T14:08:35.000Z,134,0,0
-79.972781142454991,40.458815637658773,303,TS505,40,303,,,SDE,2015-08-11T14:08:39.000Z,326,0,0
-79.943271764747706,40.407090770226937,304,TS284,40,304,,,SDE,2015-08-11T14:08:34.000Z,90,0,0
-80.040478900918458,40.48438505586703,305,TS579,40,305,,,SDE,2015-08-11T14:08:42.000Z,481,0,0
-79.968400649905803,40.427443629651869,306,TS583,40,306,,,SDE,2015-08-11T14:08:43.000Z,546,0,0
-80.036734073332283,40.450753667890176,307,TS645,40,307,,,SDE,2015-08-11T14:08:44.000Z,592,0,0
-79.993451040274351,40.444124102417227,308,TS282,40,308,,,SDE,2015-08-11T14:08:42.000Z,521,0,0
-79.948654286673829,40.444440170830127,309,TS246,40,309,,,SDE,2015-08-11T14:08:36.000Z,188,0,0
-79.974638829716454,40.428412592389613,310,TS137,40,310,,,SDE,2015-08-11T14:08:40.000Z,375,0,0
-79.888093103255201,40.455526549337854,311,TS169,40,311,,,SDE,2015-08-11T14:08:33.000Z,12,0,0
-79.999149726959672,40.442624944898007,312,TS440,40,312,,,SDE,2015-08-11T14:08:38.000Z,296,0,0
-80.004370377861491,40.438026393086773,313,TS351,40,313,,,SDE,2015-08-11T14:08:38.000Z,273,0,0
-79.886807218824913,40.454223767245168,314,TS109,40,314,,,SDE,2015-08-11T14:08:33.000Z,10,0,0
-79.979183109396445,40.453379876849702,315,TS438,40,315,,,SDE,2015-08-11T14:08:39.000Z,321,0,0
-79.919904182112688,40.465069999365319,316,TS274,40,316,,,SDE,2015-08-11T14:08:34.000Z,79,0,0
-80.013137057380462,40.392156139443493,317,TS559,40,317,,,SDE,2015-08-11T14:08:41.000Z,428,0,0
-80.032907490072134,40.441613915124769,318,TS450,40,318,,,SDE,2015-08-11T14:08:41.000Z,448,0,0
-80.002708136158049,40.443995079894655,319,TS346,40,319,,,SDE,2015-08-11T14:08:38.000Z,282,0,0
-79.95764174783514,40.475853517733015,320,TS183,40,320,,,SDE,2015-08-11T14:08:39.000Z,358,0,0
-79.997624517862945,40.456579413546613,321,TS609,40,321,,,SDE,2015-08-11T14:08:42.000Z,505,0,0
-79.901114950459771,40.458489721903604,322,TS370,40,322,,,SDE,2015-08-11T14:08:33.000Z,34,0,0
-79.993090726013875,40.426425117484314,323,TS626,40,323,,,SDE,2015-08-11T14:08:40.000Z,393,0,0
-79.970873298657949,40.445405063690814,324,TS594,40,324,,,SDE,2015-08-11T14:08:43.000Z,552,0,0
-79.963038930266706,40.433090559217511,325,TS612,40,325,,,SDE,2015-08-11T14:08:44.000Z,591,0,0
-79.912923942673373,40.369712159737624,326,TS411,40,326,,,SDE,2015-08-11T14:08:34.000Z,85,0,0
-79.988643034989863,40.43002937696815,327,TS467,40,327,,,SDE,2015-08-11T14:08:40.000Z,385,0,0
-80.001322468662636,40.430879136153791,328,TS44,40,328,,,SDE,2015-08-11T14:08:41.000Z,441,0,0
-79.958334532175499,40.440576839375424,329,TS330,40,329,,,SDE,2015-08-11T14:08:36.000Z,173,0,0
-80.005171961657481,40.474636985734421,330,TS604,40,330,,,SDE,2015-08-11T14:08:43.000Z,557,0,0
-79.900086085710356,40.450924697345421,331,TS407,40,331,,,SDE,2015-08-11T14:08:33.000Z,32,0,0
-80.022171237224725,40.401740491763789,332,TS492,40,332,,,SDE,2015-08-11T14:08:40.000Z,421,0,0
-79.920831616286748,40.461214023596817,333,TS152,40,333,,,SDE,2015-08-11T14:08:34.000Z,81,0,0
-79.984085552770125,40.438498267553719,334,TS589,40,334,,,SDE,2015-08-11T14:08:37.000Z,219,0,0
-80.00389725945584,40.44137153631744,335,TS326,40,335,,,SDE,2015-08-11T14:08:38.000Z,266,0,0
-79.953929041308584,40.438117770842958,336,TS52,40,336,,,SDE,2015-08-11T14:08:35.000Z,141,0,0
-79.985393592350263,40.449151590992116,337,TS667,40,337,,,SDE,2015-08-11T14:08:43.000Z,580,0,0
-79.89604710388609,40.468749374002883,338,TS420,40,338,,,SDE,2015-08-11T14:08:33.000Z,7,0,0
-80.080470870593103,40.440556278792812,339,TS410,40,339,,,SDE,2015-08-11T14:08:41.000Z,453,0,0
-79.957284627983839,40.462816736945946,340,TS355,40,340,,,SDE,2015-08-11T14:08:43.000Z,564,0,0
-79.956407799502998,40.435124078799163,341,TS18,40,341,,,SDE,2015-08-11T14:08:35.000Z,144,0,0
-79.999308983886493,40.437444560776676,342,TS20,40,342,,,SDE,2015-08-11T14:08:37.000Z,234,0,0
-79.988265891690858,40.438685694805152,343,TS303,40,343,,,SDE,2015-08-11T14:08:37.000Z,216,0,0
-79.920070316541342,40.487842329467647,344,TS57,40,344,,,SDE,2015-08-11T14:08:42.000Z,516,0,0
-79.951910886191285,40.446476339384226,345,TS102,40,345,,,SDE,2015-08-11T14:08:36.000Z,186,0,0
-79.904759424550605,40.456263981855166,346,TS250,40,346,,,SDE,2015-08-11T14:08:34.000Z,41,0,0
-79.94734639621403,40.453290699028535,347,TS214,40,347,,,SDE,2015-08-11T14:08:36.000Z,202,0,0
-79.956970634452674,40.441564116651172,348,TS551,40,348,,,SDE,2015-08-11T14:08:36.000Z,177,0,0
-80.000391000154636,40.440739840208117,349,TS319,40,349,,,SDE,2015-08-11T14:08:38.000Z,263,0,0
-79.897642311506374,40.439661358523807,350,TS132,40,350,,,SDE,2015-08-11T14:08:33.000Z,29,0,0
-80.009745088936214,40.486340716275357,351,TS263,40,351,,,SDE,2015-08-11T14:08:42.000Z,488,0,0
-80.015030384402507,40.405637345191863,352,TS511,40,352,,,SDE,2015-08-11T14:08:43.000Z,588,0,0
-79.958807523918694,40.47281752275164,353,TS177,40,353,,,SDE,2015-08-11T14:08:39.000Z,354,0,0
-79.927517418518647,40.468750140096951,354,TS127,40,354,,,SDE,2015-08-11T14:08:34.000Z,72,0,0
-79.947090488647461,40.458745110998649,355,TS576,40,355,,,SDE,2015-08-11T14:08:39.000Z,343,0,0
-79.993859032618516,40.444936513729253,356,TS283,40,356,,,SDE,2015-08-11T14:08:37.000Z,256,0,0
-79.883363894594183,40.455450987020562,357,TS128,40,357,,,SDE,2015-08-11T14:08:33.000Z,2,0,0
-79.936726806674258,40.45274523669103,358,TS3,40,358,,,SDE,2015-08-11T14:08:36.000Z,159,0,0
-79.994132016260323,40.445647200986784,359,TS655,40,359,,,SDE,2015-08-11T14:08:39.000Z,315,0,0
-79.957710386309373,40.44897245427115,360,TS171,40,360,,,SDE,2015-08-11T14:08:43.000Z,538,0,0
-79.92388617840858,40.425325721959545,361,TS463,40,361,,,SDE,2015-08-11T14:08:35.000Z,102,0,0
-79.897110724453853,40.470072146472205,362,TS421,40,362,,,SDE,2015-08-11T14:08:33.000Z,6,0,0
-79.994504326623073,40.45491906748866,363,TS231,40,363,,,SDE,2015-08-11T14:08:42.000Z,509,0,0
-79.955197505608893,40.457010498487037,364,TS118,40,364,,,SDE,2015-08-11T14:08:42.000Z,533,0,0
-79.993793168141877,40.441052026166936,365,TS117,40,365,,,SDE,2015-08-11T14:08:37.000Z,246,0,0
-79.970685735816502,40.459222398234218,366,TS435,40,366,,,SDE,2015-08-11T14:08:39.000Z,328,0,0
-79.928796978809359,40.466610893187088,367,TS472,40,367,,,SDE,2015-08-11T14:08:34.000Z,71,0,0
-80.01942945770503,40.453102227003704,368,TS13,40,368,,,SDE,2015-08-11T14:08:41.000Z,463,0,0
-79.941985021527998,40.455938662749467,369,TS66,40,369,,,SDE,2015-08-11T14:08:37.000Z,212,0,0
-79.959794988011609,40.47146108528753,370,TS176,40,370,,,SDE,2015-08-11T14:08:39.000Z,353,0,0
-79.988573408368822,40.428702490739923,371,TS200,40,371,,,SDE,2015-08-11T14:08:40.000Z,383,0,0
-79.948751246334041,40.450391917574088,372,TS79,40,372,,,SDE,2015-08-11T14:08:36.000Z,198,0,0
-79.925340823043129,40.454161218271878,373,TS402,40,373,,,SDE,2015-08-11T14:08:36.000Z,163,0,0
-79.986462371044396,40.438607088823218,374,TS611,40,374,,,SDE,2015-08-11T14:08:37.000Z,217,0,0
-79.973164858726904,40.435818516851278,375,TS140,40,375,,,SDE,2015-08-11T14:08:37.000Z,231,0,0
-79.9805628237565,40.443444362700497,376,TS600,40,376,,,SDE,2015-08-11T14:08:43.000Z,548,0,0
-80.000665008774178,40.40206772724973,377,TS276,40,377,,,SDE,2015-08-11T14:08:40.000Z,413,0,0
-80.015537446549459,40.410430348257876,378,TS159,40,378,,,SDE,2015-08-11T14:08:40.000Z,418,0,0
-79.918514213483675,40.428441083439736,379,TS361,40,379,,,SDE,2015-08-11T14:08:35.000Z,104,0,0
-79.925316674531643,40.466702862197621,380,TS269,40,380,,,SDE,2015-08-11T14:08:34.000Z,74,0,0
-79.992051501892618,40.437970714053691,381,TS47,40,381,,,SDE,2015-08-11T14:08:37.000Z,223,0,0
-80.029069503597739,40.443259731902998,382,TS451,40,382,,,SDE,2015-08-11T14:08:43.000Z,582,0,0
-79.910158141304663,40.44876093262463,383,TS253,40,383,,,SDE,2015-08-11T14:08:33.000Z,38,0,0
-79.92792502818051,40.444121259104641,384,TS541,40,384,,,SDE,2015-08-11T14:08:35.000Z,128,0,0
-80.03938816111058,40.452875250673124,385,TS195,40,385,,,SDE,2015-08-11T14:08:41.000Z,456,0,0
-80.00193271669302,40.438437067947241,386,TS30,40,386,,,SDE,2015-08-11T14:08:37.000Z,240,0,0
-79.951262234284187,40.465188396329538,387,TS665,40,387,,,SDE,2015-08-11T14:08:43.000Z,565,0,0
-79.937291368185925,40.447792395732336,388,TS318,40,388,,,SDE,2015-08-11T14:08:35.000Z,130,0,0
-80.005783582313626,40.438562922572331,389,TS353,40,389,,,SDE,2015-08-11T14:08:38.000Z,272,0,0
-80.0526562589924,40.442995008676682,390,TS568,40,390,,,SDE,2015-08-11T14:08:41.000Z,458,0,0
-80.004675446630273,40.443458077599161,391,TS347,40,391,,,SDE,2015-08-11T14:08:38.000Z,283,0,0
-79.999915987202073,40.441448518061513,392,TS489,40,392,,,SDE,2015-08-11T14:08:38.000Z,300,0,0
-79.942791843400428,40.458310520536237,393,TS639,40,393,,,SDE,2015-08-11T14:08:37.000Z,207,0,0
-79.994177667744722,40.439970404493131,394,TS582,40,394,,,SDE,2015-08-11T14:08:37.000Z,248,0,0
-79.980740753963147,40.426952806702296,395,TS279,40,395,,,SDE,2015-08-11T14:08:40.000Z,387,0,0
-79.965741253084175,40.426238942350004,396,TS654,40,396,,,SDE,2015-08-11T14:08:40.000Z,374,0,0
-79.929400556848748,40.4656109343574,397,TS473,40,397,,,SDE,2015-08-11T14:08:34.000Z,68,0,0
-79.999268161745036,40.429146673625418,398,TS434,40,398,,,SDE,2015-08-11T14:08:40.000Z,394,0,0
-79.953190766282233,40.434383330589839,399,TS23,40,399,,,SDE,2015-08-11T14:08:35.000Z,145,0,0
-79.965983278984652,40.455708197667612,400,TS122,40,400,,,SDE,2015-08-11T14:08:37.000Z,244,0,0
-79.930469869142144,40.383283682991419,401,TS558,40,401,,,SDE,2015-08-11T14:08:34.000Z,88,0,0
-79.922954047842225,40.433729030085885,402,TS403,40,402,,,SDE,2015-08-11T14:08:35.000Z,118,0,0
-80.002620810030976,40.456218974844113,403,TS206,40,403,,,SDE,2015-08-11T14:08:42.000Z,501,0,0
-79.930091137621744,40.469665845913042,404,TS126,40,404,,,SDE,2015-08-11T14:08:43.000Z,535,0,0
-79.914507687790632,40.465271218790129,405,TS418,40,405,,,SDE,2015-08-11T14:08:34.000Z,84,0,0
-80.029835007458686,40.455833844971131,406,TS86,40,406,,,SDE,2015-08-11T14:08:42.000Z,494,0,0
-80.033961254324581,40.481706984656128,407,TS143,40,407,,,SDE,2015-08-11T14:08:41.000Z,478,0,0
-79.92272251516259,40.460655933954762,408,TS507,40,408,,,SDE,2015-08-11T14:08:34.000Z,64,0,0
-79.959432404606744,40.439780149633648,409,TS329,40,409,,,SDE,2015-08-11T14:08:36.000Z,170,0,0
-79.990209019515632,40.410717991691101,410,TS164,40,410,,,SDE,2015-08-11T14:08:40.000Z,403,0,0
-79.908039780015727,40.458674182363559,411,TS295,40,411,,,SDE,2015-08-11T14:08:34.000Z,55,0,0
-80.007011806580806,40.440296740978411,412,TS21,40,412,,,SDE,2015-08-11T14:08:37.000Z,235,0,0
-79.996172699328312,40.43364304874919,413,TS601,40,413,,,SDE,2015-08-11T14:08:44.000Z,607,0,0
-80.042409371480872,40.442774916916171,414,TS656,40,414,,,SDE,2015-08-11T14:08:43.000Z,581,0,0
-79.961240082656346,40.438464716521239,415,TS325,40,415,,,SDE,2015-08-11T14:08:36.000Z,169,0,0
-79.980651909683232,40.427838437546313,416,TS281,40,416,,,SDE,2015-08-11T14:08:40.000Z,388,0,0
-79.957437909317377,40.442513580045741,417,TS130,40,417,,,SDE,2015-08-11T14:08:36.000Z,178,0,0
-79.925507043710027,40.379606723835764,418,TS553,40,418,,,SDE,2015-08-11T14:08:34.000Z,87,0,0
-79.930673056381309,40.463493248912549,419,TS471,40,419,,,SDE,2015-08-11T14:08:34.000Z,67,0,0
-80.04508830576161,40.450289415349928,420,TS614,40,420,,,SDE,2015-08-11T14:08:41.000Z,457,0,0
-79.936440939394657,40.464675610359819,421,TS6,40,421,,,SDE,2015-08-11T14:08:34.000Z,61,0,0
-79.946446195366121,40.46546646096629,422,TS456,40,422,,,SDE,2015-08-11T14:08:40.000Z,369,0,0
-79.949688087665749,40.45258458021226,423,TS217,40,423,,,SDE,2015-08-11T14:08:36.000Z,201,0,0
-79.994781458684841,40.435678186442019,424,TS640,40,424,,,SDE,2015-08-11T14:08:44.000Z,597,0,0
-79.952035519352123,40.424916621249388,425,TS543,40,425,,,SDE,2015-08-11T14:08:35.000Z,96,0,0
-79.957853425052065,40.442210634554293,426,TS258,40,426,,,SDE,2015-08-11T14:08:36.000Z,176,0,0
-80.021797959376414,40.492778590699302,427,TS63,40,427,,,SDE,2015-08-11T14:08:42.000Z,489,0,0
-80.023661639299149,40.396229691989035,428,TS158,40,428,,,SDE,2015-08-11T14:08:40.000Z,423,0,0
-80.000741035891622,40.448942193183207,429,TS35,40,429,,,SDE,2015-08-11T14:08:42.000Z,526,0,0
-79.929646270333478,40.449827249352168,430,TS307,40,430,,,SDE,2015-08-11T14:08:35.000Z,132,0,0
-79.997973642708232,40.442936232654247,431,TS424,40,431,,,SDE,2015-08-11T14:08:38.000Z,291,0,0
-79.996827700527831,40.454160855989912,432,TS448,40,432,,,SDE,2015-08-11T14:08:42.000Z,508,0,0
-79.953560417631749,40.465931123266678,433,TS358,40,433,,,SDE,2015-08-11T14:08:39.000Z,336,0,0
-79.880702561903135,40.454696160972645,434,TS108,40,434,,,SDE,2015-08-11T14:08:33.000Z,3,0,0
-80.040815467316065,40.403327197946872,435,TS60,40,435,,,SDE,2015-08-11T14:08:41.000Z,431,0,0
-79.934205223095319,40.448399928337423,436,TS4,40,436,,,SDE,2015-08-11T14:08:35.000Z,131,0,0
-80.005975965514878,40.482358658279935,437,TS621,40,437,,,SDE,2015-08-11T14:08:43.000Z,559,0,0
-79.927610232453802,40.434119148814958,438,TS84,40,438,,,SDE,2015-08-11T14:08:35.000Z,112,0,0
-79.977635495418227,40.428587909428757,439,TS202,40,439,,,SDE,2015-08-11T14:08:40.000Z,378,0,0
-79.994284990370033,40.438038136573617,440,TS338,40,440,,,SDE,2015-08-11T14:08:37.000Z,254,0,0
-79.925775935525706,40.416526566420401,441,TS608,40,441,,,SDE,2015-08-11T14:08:43.000Z,537,0,0
-79.997849747064237,40.457256783943485,442,TS610,40,442,,,SDE,2015-08-11T14:08:42.000Z,506,0,0
-80.048402140539082,40.400916811503201,443,TS652,40,443,,,SDE,2015-08-11T14:08:41.000Z,429,0,0
-79.98689030598787,40.448220955730456,444,TS431,40,444,,,SDE,2015-08-11T14:08:39.000Z,316,0,0
-80.034236603230539,40.407007391090424,445,TS61,40,445,,,SDE,2015-08-11T14:08:41.000Z,432,0,0
-79.978684478836769,40.396966165152882,446,TS651,40,446,,,SDE,2015-08-11T14:08:42.000Z,522,0,0
-79.900755369224569,40.46420690634347,447,TS226,40,447,,,SDE,2015-08-11T14:08:42.000Z,519,0,0
-80.044352166030677,40.399628918344,448,TS59,40,448,,,SDE,2015-08-11T14:08:41.000Z,430,0,0
-79.998663288334996,40.438396049391073,449,TS229,40,449,,,SDE,2015-08-11T14:08:37.000Z,252,0,0
-80.017462991649182,40.446799773741688,450,TS544,40,450,,,SDE,2015-08-11T14:08:42.000Z,523,0,0
-79.984208590523011,40.437615148914581,451,TS590,40,451,,,SDE,2015-08-11T14:08:37.000Z,228,0,0
-79.920712097234826,40.452893779354035,452,TS312,40,452,,,SDE,2015-08-11T14:08:35.000Z,135,0,0
-79.920512760174958,40.443851154115414,453,TS529,40,453,,,SDE,2015-08-11T14:08:35.000Z,126,0,0
-79.953748788956943,40.447616444463748,454,TS76,40,454,,,SDE,2015-08-11T14:08:36.000Z,194,0,0
-80.00288026594292,40.450494145523052,455,TS240,40,455,,,SDE,2015-08-11T14:08:42.000Z,511,0,0
-79.973607279902652,40.428362430606455,456,TS575,40,456,,,SDE,2015-08-11T14:08:42.000Z,534,0,0
-79.908191725554474,40.451486935112712,457,TS252,40,457,,,SDE,2015-08-11T14:08:33.000Z,39,0,0
-79.998159909280702,40.440801287264001,458,TS487,40,458,,,SDE,2015-08-11T14:08:38.000Z,298,0,0
-79.987807829049402,40.434477427105179,459,TS596,40,459,,,SDE,2015-08-11T14:08:44.000Z,609,0,0
-79.888458151637209,40.454597638769208,460,TS106,40,460,,,SDE,2015-08-11T14:08:33.000Z,11,0,0
-79.996529624245198,40.44330986548178,461,TS432,40,461,,,SDE,2015-08-11T14:08:38.000Z,295,0,0
-80.003096325141797,40.442489630421974,462,TS309,40,462,,,SDE,2015-08-11T14:08:38.000Z,259,0,0
-79.999093857138888,40.439413172842556,463,TS339,40,463,,,SDE,2015-08-11T14:08:38.000Z,269,0,0
-79.991532021435162,40.440439127860294,464,TS220,40,464,,,SDE,2015-08-11T14:08:37.000Z,249,0,0
-79.977692550116885,40.423827004192056,465,TS280,40,465,,,SDE,2015-08-11T14:08:40.000Z,392,0,0
-80.002149644562763,40.442741655841807,466,TS496,40,466,,,SDE,2015-08-11T14:08:38.000Z,302,0,0
-79.986359478910074,40.427738483716396,467,TS515,40,467,,,SDE,2015-08-11T14:08:40.000Z,386,0,0
-79.963932443157304,40.437841939532973,468,TS242,40,468,,,SDE,2015-08-11T14:08:36.000Z,166,0,0
-80.012933393135867,40.435349607427327,469,TS386,40,469,,,SDE,2015-08-11T14:08:43.000Z,573,0,0
-79.936490278463324,40.456564614518555,470,TS211,40,470,,,SDE,2015-08-11T14:08:36.000Z,156,0,0
-79.980775190879555,40.438359712183029,471,TS260,40,471,,,SDE,2015-08-11T14:08:37.000Z,220,0,0
-79.96283666919058,40.44195949318631,472,TS619,40,472,,,SDE,2015-08-11T14:08:36.000Z,191,0,0
-80.003675805873684,40.452963415321754,473,TS238,40,473,,,SDE,2015-08-11T14:08:42.000Z,498,0,0
-79.930739690714148,40.473252525042206,474,TS233,40,474,,,SDE,2015-08-11T14:08:39.000Z,367,0,0
-80.041764252647795,40.481903380917835,475,TS191,40,475,,,SDE,2015-08-11T14:08:42.000Z,482,0,0
-80.007648598929507,40.452183276727816,476,TS239,40,476,,,SDE,2015-08-11T14:08:43.000Z,554,0,0
-79.986527537530037,40.458276192674084,477,TS484,40,477,,,SDE,2015-08-11T14:08:44.000Z,593,0,0
-80.006754713238067,40.476831892405762,478,TS606,40,478,,,SDE,2015-08-11T14:08:43.000Z,558,0,0
-79.904388721273889,40.457206096180649,479,TS251,40,479,,,SDE,2015-08-11T14:08:34.000Z,43,0,0
-79.950884139669313,40.46263621709862,480,TS638,40,480,,,SDE,2015-08-11T14:08:39.000Z,340,0,0
-79.927467580885008,40.459232092988216,481,TS85,40,481,,,SDE,2015-08-11T14:08:39.000Z,351,0,0
-80.003962047750775,40.432164496214767,482,TS597,40,482,,,SDE,2015-08-11T14:08:41.000Z,440,0,0
-79.957961095325388,40.465182319192849,483,TS356,40,483,,,SDE,2015-08-11T14:08:39.000Z,334,0,0
-79.913082873511755,40.438027655224516,484,TS249,40,484,,,SDE,2015-08-11T14:08:33.000Z,37,0,0
-79.947673598573118,40.454383243417794,485,TS70,40,485,,,SDE,2015-08-11T14:08:37.000Z,203,0,0
-79.998361045666073,40.428990308384058,486,TS45,40,486,,,SDE,2015-08-11T14:08:42.000Z,529,0,0
-79.998827975577711,40.45692017784971,487,TS265,40,487,,,SDE,2015-08-11T14:08:42.000Z,503,0,0
-79.901315894605688,40.449181307838991,488,TS406,40,488,,,SDE,2015-08-11T14:08:33.000Z,31,0,0
-79.924807963976136,40.461463717177836,489,TS593,40,489,,,SDE,2015-08-11T14:08:34.000Z,65,0,0
-79.9014791840698,40.457554432033476,490,TS112,40,490,,,SDE,2015-08-11T14:08:33.000Z,35,0,0
-79.994958874156836,40.442157258178703,491,TS387,40,491,,,SDE,2015-08-11T14:08:38.000Z,288,0,0
-80.005021286336557,40.439598586784776,492,TS28,40,492,,,SDE,2015-08-11T14:08:37.000Z,239,0,0
-79.987504011633789,40.448816514535586,493,TS495,40,493,,,SDE,2015-08-11T14:08:39.000Z,317,0,0
-80.023572541694307,40.450647228759181,494,TS629,40,494,,,SDE,2015-08-11T14:08:41.000Z,460,0,0
-79.917989006266296,40.487340530386753,495,TS563,40,495,,,SDE,2015-08-11T14:08:39.000Z,366,0,0
-79.92627706609683,40.471521886483735,496,TS474,40,496,,,SDE,2015-08-11T14:08:34.000Z,69,0,0
-79.994478746197046,40.436138682277644,497,TS247,40,497,,,SDE,2015-08-11T14:08:44.000Z,602,0,0
-80.017825820294135,40.448036975864511,498,TS542,40,498,,,SDE,2015-08-11T14:08:42.000Z,524,0,0
-79.91379049442736,40.460426191096495,499,TS369,40,499,,,SDE,2015-08-11T14:08:34.000Z,52,0,0
-79.923820147743641,40.463760211036551,500,TS399,40,500,,,SDE,2015-08-11T14:08:34.000Z,76,0,0
-79.983798048760065,40.387324689007713,501,TS87,40,501,,,SDE,2015-08-11T14:08:40.000Z,406,0,0
-80.033852302155353,40.436055619468206,502,TS409,40,502,,,SDE,2015-08-11T14:08:41.000Z,442,0,0
-80.013700848137603,40.431714875336773,503,TS459,40,503,,,SDE,2015-08-11T14:08:43.000Z,584,0,0
-79.941493454421362,40.455039713424945,504,TS627,40,504,,,SDE,2015-08-11T14:08:36.000Z,154,0,0
-79.894502452551677,40.455973361596982,505,TS580,40,505,,,SDE,2015-08-11T14:08:33.000Z,19,0,0
-80.000552769669312,40.421014059655242,506,TS289,40,506,,,SDE,2015-08-11T14:08:40.000Z,398,0,0
-79.951675200600093,40.442407535332151,507,TS663,40,507,,,SDE,2015-08-11T14:08:43.000Z,589,0,0
-79.934057264279815,40.457261803709301,508,TS216,40,508,,,SDE,2015-08-11T14:08:36.000Z,157,0,0
-79.918252295289548,40.432296509018897,509,TS509,40,509,,,SDE,2015-08-11T14:08:35.000Z,108,0,0
-79.990943655466793,40.438806614651554,510,TS300,40,510,,,SDE,2015-08-11T14:08:37.000Z,215,0,0
-79.915770987676396,40.459858473380933,511,TS270,40,511,,,SDE,2015-08-11T14:08:34.000Z,51,0,0
-79.923141971806416,40.432353695683098,512,TS469,40,512,,,SDE,2015-08-11T14:08:35.000Z,109,0,0
-79.909059700239865,40.457281974360527,513,TS298,40,513,,,SDE,2015-08-11T14:08:34.000Z,57,0,0
-79.938535904062022,40.456933056100858,514,TS1,40,514,,,SDE,2015-08-11T14:08:37.000Z,210,0,0
-80.004526504159543,40.4491368210902,515,TS293,40,515,,,SDE,2015-08-11T14:08:42.000Z,513,0,0
-79.920830323611042,40.459805787679294,516,TS494,40,516,,,SDE,2015-08-11T14:08:43.000Z,586,0,0
-79.930979217501502,40.452061835453378,517,TS475,40,517,,,SDE,2015-08-11T14:08:36.000Z,161,0,0
-80.002108330144537,40.441383074115656,518,TS304,40,518,,,SDE,2015-08-11T14:08:38.000Z,258,0,0
-79.996532389259656,40.446434527254155,519,TS348,40,519,,,SDE,2015-08-11T14:08:38.000Z,284,0,0
-79.998660269097314,40.456418456596928,520,TS267,40,520,,,SDE,2015-08-11T14:08:42.000Z,504,0,0
-79.936517615095738,40.432848139424848,521,TS390,40,521,,,SDE,2015-08-11T14:08:35.000Z,121,0,0
-79.903760877942034,40.449997955091234,522,TS417,40,522,,,SDE,2015-08-11T14:08:33.000Z,33,0,0
-80.004250067393784,40.448245852164249,523,TS292,40,523,,,SDE,2015-08-11T14:08:42.000Z,512,0,0
-79.976798374269592,40.445928947892796,524,TS414,40,524,,,SDE,2015-08-11T14:08:43.000Z,576,0,0
-79.917411998596378,40.457481072921773,525,TS248,40,525,,,SDE,2015-08-11T14:08:34.000Z,50,0,0
-79.9910380719964,40.437930049377833,526,TS588,40,526,,,SDE,2015-08-11T14:08:37.000Z,224,0,0
-79.958118691267245,40.43590408516426,527,TS25,40,527,,,SDE,2015-08-11T14:08:35.000Z,142,0,0
-79.910536952775146,40.45576236711846,528,TS672,40,528,,,SDE,2015-08-11T14:08:43.000Z,563,0,0
-79.92782240284582,40.462511041805755,529,TS508,40,529,,,SDE,2015-08-11T14:08:34.000Z,66,0,0
-79.989818930595092,40.434480575094859,530,TS48,40,530,,,SDE,2015-08-11T14:08:42.000Z,530,0,0
-79.949626325795009,40.463999611270729,531,TS376,40,531,,,SDE,2015-08-11T14:08:43.000Z,567,0,0
-79.939411946516984,40.401008132959312,532,TS382,40,532,,,SDE,2015-08-11T14:08:34.000Z,89,0,0
-80.024672738067181,40.410567702622266,533,TS574,40,533,,,SDE,2015-08-11T14:08:41.000Z,435,0,0
-79.932568089304084,40.454746180071446,534,TS287,40,534,,,SDE,2015-08-11T14:08:36.000Z,160,0,0
-79.942452457191138,40.447414441369197,535,TS306,40,535,,,SDE,2015-08-11T14:08:35.000Z,147,0,0
-80.0354210355259,40.483052718944201,536,TS148,40,536,,,SDE,2015-08-11T14:08:41.000Z,479,0,0
-79.97766472480096,40.438234200401368,537,TS554,40,537,,,SDE,2015-08-11T14:08:37.000Z,221,0,0
-80.031718258976511,40.476489104659606,538,TS150,40,538,,,SDE,2015-08-11T14:08:41.000Z,477,0,0
-79.89002087617682,40.455957658805374,539,TS552,40,539,,,SDE,2015-08-11T14:08:33.000Z,17,0,0
-80.030733529355317,40.462100976744217,540,TS564,40,540,,,SDE,2015-08-11T14:08:42.000Z,493,0,0
-79.974946945570707,40.456293856186228,541,TS437,40,541,,,SDE,2015-08-11T14:08:39.000Z,325,0,0
-79.992324671485676,40.42180818767109,542,TS46,40,542,,,SDE,2015-08-11T14:08:40.000Z,395,0,0
-79.9831150973788,40.451684512116309,543,TS628,40,543,,,SDE,2015-08-11T14:08:39.000Z,319,0,0
-80.015348206553398,40.456095941400463,544,TS595,40,544,,,SDE,2015-08-11T14:08:41.000Z,472,0,0
-79.992034173390792,40.441653020153765,545,TS91,40,545,,,SDE,2015-08-11T14:08:44.000Z,600,0,0
-80.00269984470799,40.441688522862371,546,TS301,40,546,,,SDE,2015-08-11T14:08:37.000Z,255,0,0
-79.993737362101484,40.421802211928714,547,TS613,40,547,,,SDE,2015-08-11T14:08:40.000Z,396,0,0
-79.89110854105148,40.453164948536589,548,TS133,40,548,,,SDE,2015-08-11T14:08:33.000Z,14,0,0
-80.010595635406787,40.454717192977441,549,TS481,40,549,,,SDE,2015-08-11T14:08:41.000Z,471,0,0
-80.017051205719582,40.453543021625677,550,TS377,40,550,,,SDE,2015-08-11T14:08:41.000Z,465,0,0
-79.925042825812227,40.45995415958069,551,TS400,40,551,,,SDE,2015-08-11T14:08:39.000Z,352,0,0
-79.915125820334268,40.432623797636275,552,TS99,40,552,,,SDE,2015-08-11T14:08:35.000Z,107,0,0
-80.028792904236923,40.473651510479939,553,TS147,40,553,,,SDE,2015-08-11T14:08:41.000Z,476,0,0
-80.02010890026682,40.455200307299954,554,TS14,40,554,,,SDE,2015-08-11T14:08:41.000Z,464,0,0
-79.944480766864416,40.462448532670528,555,TS373,40,555,,,SDE,2015-08-11T14:08:39.000Z,344,0,0
-80.0013681470965,40.435993335968512,556,TS636,40,556,,,SDE,2015-08-11T14:08:44.000Z,598,0,0
-79.988136150709323,40.444050135231663,557,TS89,40,557,,,SDE,2015-08-11T14:08:37.000Z,241,0,0
-79.953441583994405,40.481590312694863,558,TS181,40,558,,,SDE,2015-08-11T14:08:39.000Z,357,0,0
-79.967068729512135,40.42708159934211,559,TS653,40,559,,,SDE,2015-08-11T14:08:40.000Z,373,0,0
-79.99676572575639,40.441105135416116,560,TS532,40,560,,,SDE,2015-08-11T14:08:38.000Z,309,0,0
-79.94629840812884,40.485158234098783,561,TS179,40,561,,,SDE,2015-08-11T14:08:39.000Z,363,0,0
-79.929371623910086,40.459681963165607,562,TS67,40,562,,,SDE,2015-08-11T14:08:39.000Z,349,0,0
-80.040629691223742,40.443973189966002,563,TS222,40,563,,,SDE,2015-08-11T14:08:43.000Z,553,0,0
-79.951845974827165,40.448988395221924,564,TS261,40,564,,,SDE,2015-08-11T14:08:36.000Z,196,0,0
-79.985056847187934,40.438541609976902,565,TS311,40,565,,,SDE,2015-08-11T14:08:37.000Z,218,0,0
-80.010152018573379,40.488448716941349,566,TS81,40,566,,,SDE,2015-08-11T14:08:42.000Z,487,0,0
-79.889190013590763,40.452725536338058,567,TS170,40,567,,,SDE,2015-08-11T14:08:33.000Z,13,0,0
-79.993808695521565,40.443787910463847,568,TS282a,40,568,,,Cartegraph,2015-08-15T00:24:53.000Z,520,0,0
-80.000227164514811,40.442333071279805,569,TS430a,40,569,,,Cartegraph,2015-08-15T00:28:43.000Z,293,0,0
-79.994474988544198,40.438307575738378,570,TS338a,40,570,,,Cartegraph,2015-08-15T00:26:36.000Z,518,0,0
-79.973019318176156,40.43581702015009,571,TS671,40,571,,,SDE,2015-08-11T14:08:44.000Z,608,0,0
-79.933625118932596,40.456529796359163,572,TS661,40,572,,,SDE,2015-08-11T14:08:44.000Z,605,0,0
-80.010859953001031,40.447165507717642,573,TS602,40,573,,,SDE,2015-08-11T14:08:44.000Z,606,0,0
-79.99577720883795,40.434311551635247,574,TS408,40,574,,,SDE,2015-08-11T14:08:44.000Z,601,0,0
-79.887160696906051,40.486930906620096,575,TS584,40,575,,,SDE,2015-08-11T14:08:44.000Z,603,0,0
-79.997484433679219,40.443058243502954,576,TS429,40,576,,,SDE,2015-08-11T14:08:38.000Z,292,0,0
-79.915354356234133,40.453613974133766,577,TS93,40,577,,,SDE,2015-08-11T14:08:35.000Z,136,0,0
-79.962070975785139,40.439131417085335,578,TS297,40,578,,,SDE,2015-08-11T14:08:36.000Z,168,0,0
-79.980561963170459,40.428758755950405,579,TS196,40,579,,,SDE,2015-08-11T14:08:40.000Z,379,0,0
-79.986606071845443,40.391331002281646,580,TS168,40,580,,,SDE,2015-08-11T14:08:40.000Z,405,0,0
-79.961309226882065,40.423254759219276,581,TS615,40,581,,,SDE,2015-08-11T14:08:43.000Z,545,0,0
-79.922832977399821,40.43475361409228,582,TS82,40,582,,,SDE,2015-08-11T14:08:35.000Z,117,0,0
-79.997266578748096,40.438689915335992,583,TS324,40,583,,,SDE,2015-08-11T14:08:38.000Z,265,0,0
-79.95317349347593,40.445573776918792,584,TS315,40,584,,,SDE,2015-08-11T14:08:36.000Z,185,0,0
-80.019889513708137,40.425824907141404,585,TS524,40,585,,,SDE,2015-08-11T14:08:41.000Z,438,0,0
-79.89852838185486,40.457905950566229,586,TS368,40,586,,,SDE,2015-08-11T14:08:33.000Z,26,0,0
-79.945213352860094,40.454969724850336,587,TS71,40,587,,,SDE,2015-08-11T14:08:37.000Z,213,0,0
-80.009536403109195,40.485331824859642,588,TS607,40,588,,,SDE,2015-08-11T14:08:43.000Z,560,0,0
-79.959202780847079,40.431135860307037,589,TS64,40,589,,,SDE,2015-08-11T14:08:35.000Z,137,0,0
-79.955699401544663,40.478347253223234,590,TS173,40,590,,,SDE,2015-08-11T14:08:39.000Z,359,0,0
-79.922354566120532,40.461216218248133,591,TS415,40,591,,,SDE,2015-08-11T14:08:34.000Z,82,0,0
-79.898893557797635,40.456970995697432,592,TS111,40,592,,,SDE,2015-08-11T14:08:33.000Z,25,0,0
-80.007336710151066,40.429465899820421,593,TS530,40,593,,,SDE,2015-08-11T14:08:41.000Z,439,0,0
-79.950738033179917,40.449800472250246,594,TS77,40,594,,,SDE,2015-08-11T14:08:36.000Z,197,0,0
-79.959291219986795,40.472148335417387,595,TS666,40,595,,,SDE,2015-08-11T14:08:43.000Z,541,0,0
-80.05585773878235,40.437766674576125,596,TS244,40,596,,,SDE,2015-08-11T14:08:43.000Z,555,0,0
-79.922983813519181,40.43805606972726,597,TS333,40,597,,,SDE,2015-08-11T14:08:35.000Z,114,0,0
-79.95073987113301,40.443908023991035,598,TS103,40,598,,,SDE,2015-08-11T14:08:36.000Z,187,0,0
-80.034540465561903,40.441984606613275,599,TS10,40,599,,,SDE,2015-08-11T14:08:41.000Z,447,0,0
-79.955183928471698,40.465651580235708,600,TS449,40,600,,,SDE,2015-08-11T14:08:39.000Z,335,0,0
-79.951941830457883,40.454030428212,601,TS69,40,601,,,SDE,2015-08-11T14:08:37.000Z,205,0,0
-79.94673046813611,40.416017644079744,602,TS572,40,602,,,SDE,2015-08-11T14:08:35.000Z,93,0,0
-79.973135598801477,40.427405903834902,603,TS519,40,603,,,SDE,2015-08-11T14:08:40.000Z,389,0,0
-79.938795775893936,40.443881642418262,604,TS100,40,604,,,SDE,2015-08-11T14:08:36.000Z,149,0,0
-79.986422197486576,40.428749899937159,605,TS201,40,605,,,SDE,2015-08-11T14:08:40.000Z,382,0,0
-79.924908505219364,40.415448520541851,606,TS161,40,606,,,SDE,2015-08-11T14:08:35.000Z,97,0,0
-79.995818781970982,40.442469368504412,607,TS527,40,607,,,SDE,2015-08-11T14:08:38.000Z,307,0,0
-79.893230337498068,40.48683765558453,608,TS599,40,608,,,SDE,2015-08-11T14:08:44.000Z,604,0,0
-79.934248925235579,40.448391815260109,609,TS4a,,609,Cartegraph,2015-08-15T00:14:34.000Z,SDE,2015-08-17T16:34:49.000Z,610,0,0
-80.003981898721918,40.441161884551995,610,TS326a,40,610,,,SDE,2015-08-18T14:56:18.000Z,267,0,0
-80.003194999685846,40.449446999970128,611,TS637,40,614,SDE,2015-09-04T13:54:18.000Z,SDE,2015-09-04T14:04:50.000Z,578,0,0
-79.92508700046632,40.459292000303194,612,TS685,40,617,SDE,2015-09-04T14:05:55.000Z,SDE,2015-09-04T14:06:06.000Z,352,0,0
-79.99828099948607,40.44578400011671,613,TS349,40,618,SDE,2015-09-04T14:06:17.000Z,SDE,2015-09-04T14:06:29.000Z,280,0,0
-80.010436000289218,40.44789099969293,614,TS647,40,612,SDE,2015-09-04T13:20:11.000Z,SDE,2015-09-04T14:05:44.000Z,587,0,0
-80.023031000410128,40.448357999823124,615,TS670,40,613,SDE,2015-09-04T13:53:56.000Z,SDE,2015-09-04T13:59:22.000Z,460,0,0
-79.921666000268729,40.460306999726726,616,TS677,40,616,SDE,2015-09-04T14:05:23.000Z,SDE,2015-09-04T14:05:32.000Z,64,0,0
-79.987093999876876,40.434524000106855,617,TS631,40,619,SDE,2015-09-04T14:06:39.000Z,SDE,2015-09-04T14:06:50.000Z,609,0,0
-79.923947999568128,40.460287000172379,618,TS678,40,615,SDE,2015-09-04T14:05:01.000Z,SDE,2015-09-04T14:05:12.000Z,64,0,0
-80.012233999889958,40.448379000314887,619,TS625,40,611,SDE,2015-09-04T13:17:07.000Z,SDE,2015-09-04T13:59:38.000Z,587,0,0
